x,group,y
-0.2918737159287265,1,2.401792998662399
0.32060108022529776,1,2.1366687427671045
-1.3697757608626513,1,0.14310003001341576
0.29122965826017805,1,8.266530032325866
1.3855454685817628,1,1.29857145217953
0.1690452356527402,1,1.993612377531999
1.0689212841752247,1,2.8812292435131495
-1.5858891592120616,1,0.11186589956963776
-0.3838500919737489,1,1.400018937765984
0.8648344176127306,1,1.6642932110243092
0.5612503410942727,2,29.40805351530657
-1.4398370589036131,2,5.819469621975103
-1.0061661467123062,2,9.488374921349937
-0.9403550265541074,2,8.565116847701173
0.053451332153780964,2,67.8310192828195
-0.5739454956416925,2,3.1107564532597642
0.22054883007557,2,94.52030766655704
-0.8345157344883208,2,3.9980990376747845
-0.13035416226200658,2,6.413741003682088
0.5673294417859287,2,55.378540254005955
1.2084668200239246,3,14.00100536330881
0.12721964840281985,3,8.538846573724237
-0.9514095431911237,3,1.0610549361835075
-0.6625144389983224,3,4.416824997810073
0.3445948543887844,3,5.843665481230935
-1.0798542208622024,3,1.5604025387492122
0.2096526042094672,3,4.719955115575733
-1.302919565163581,3,3.71289630942965
-0.3698112354700634,3,0.5937840185409453
-0.6429370631692222,3,0.38556122204239535
1.091163539257241,4,322.22967726949497
0.33659495161081704,4,715.455389789622
-0.3148323075633898,4,70.51213954325024
-0.17907198024241908,4,46.701846285369356
0.052267827582484536,4,16.697165805871933
0.6108813514123492,4,477.15429323842045
-0.29379674245447024,4,107.58585495885475
-2.679716201440087,4,7.0257852835947014
-1.2378444243958928,4,56.9923576056786
0.576568612062135,4,69.49764395211177
1.135890588891514,5,4.160912783560524
0.6941417864464199,5,0.7711892234146388
0.28657116737033594,5,4.366168722387686
-1.9980673132672995,5,0.019544148750491968
1.1497782392490017,5,3.225768510750564
1.4358605475925377,5,3.5737226393030577
-0.4794400747609374,5,0.24157150730902321
2.289106337780241,5,6.872238291096098
-3.0377821476418743,5,0.030056906094384453
-1.0435259473477845,5,0.13409770915899075
0.24650280454308948,6,0.7567483034674615
0.0700649022931348,6,20.761835732748512
-1.4837879077520442,6,0.157729491012944
1.6317270904805612,6,13.819665525525615
-0.6763583258903421,6,1.4595732811902453
-1.463757879637894,6,0.2558915141600408
-0.025477483474551862,6,3.7835175998693145
1.2179135124455016,6,3.347093802130256
-0.8283229595289039,6,1.3479775794937703
-0.7181257203189142,6,0.29475325731539276
-0.044487483739019756,7,0.9911716267897746
-1.0618481449981862,7,0.9564355705114866
-0.22167585751492522,7,0.13149378285836394
0.3945915475312803,7,2.3174772080391324
0.8894268342521524,7,8.149739908735306
0.8687172725053576,7,6.316409038755262
-0.6720418220347637,7,1.9658371011888451
-0.23457504839248813,7,0.5450241708459705
0.872793003562187,7,3.8757733668868353
0.9133362357416656,7,2.2346174920561235
0.3972291935085341,8,5.9031475390230845
-0.09698556889777153,8,12.02346497971
-2.0798811913926265,8,0.4847459421781723
1.3739579428347184,8,5.884475650283721
0.10681370122172332,8,7.210101430247719
-0.026503669324552045,8,14.238098330727595
-0.2336440772826327,8,3.826933046297919
-0.5811633733842436,8,1.6691683239531987
-0.6456752680630309,8,2.3068265233546503
-0.34287706692716974,8,2.4069833878637614
-1.67472925632871,9,7.205227361217
1.8611877414892721,9,515.0290398103624
-0.055620582578224186,9,51.35411054281719
0.4334064010606458,9,32.46790206444088
0.5103739334342147,9,142.35555797244504
1.1959072025256885,9,95.67576722329224
-1.083904193568528,9,7.975462052907159
-1.1451052049479717,9,10.751917440712973
0.15521886879261126,9,50.70203208358396
-0.4922514238140737,9,25.747172378622636
2.367032443400268,10,493.1081412545196
-1.4335025973901367,10,38.3141419615745
-1.6114858749622814,10,33.018177282547484
0.6248100781943599,10,233.25631515294418
0.7451500049482465,10,536.7283400793114
0.58533975228936,10,269.72226984908747
0.1816561905401957,10,40.727587968877536
0.40489066201644025,10,23.118338784336064
-1.2974426853902843,10,445.5397813887671
0.6320840772938972,10,686.8221389536566
