Reaction,Days,Subject,Class,ReactionInd,ReactionCount,Offset
249.56,0,308,A,0,249,3
258.7047,1,308,B,1,258,6
250.8006,2,308,A,1,250,6
321.4398,3,308,C,1,321,8
356.8519,4,308,B,1,356,1
414.6901,5,308,A,1,414,2
382.2038,6,308,C,1,382,5
290.1486,7,308,B,1,290,8
430.5853,8,308,C,1,430,8
466.3535,9,308,B,1,466,7
222.7339,0,309,C,0,222,5
205.2658,1,309,C,0,205,1
202.9778,2,309,A,0,202,10
204.707,3,309,B,0,204,9
207.7161,4,309,C,0,207,9
215.9618,5,309,A,0,215,7
213.6303,6,309,A,0,213,10
217.7272,7,309,C,0,217,4
224.2957,8,309,B,0,224,8
237.3142,9,309,C,0,237,4
199.0539,0,310,B,0,199,3
194.3322,1,310,B,0,194,7
234.32,2,310,B,0,234,1
232.8416,3,310,A,0,232,6
229.3074,4,310,B,0,229,10
220.4579,5,310,A,0,220,10
235.4208,6,310,A,0,235,1
255.7511,7,310,A,1,255,7
261.0125,8,310,B,1,261,5
247.5153,9,310,B,0,247,6
321.5426,0,330,C,1,321,10
300.4002,1,330,C,1,300,6
283.8565,2,330,A,1,283,9
285.133,3,330,B,1,285,8
285.7973,4,330,B,1,285,1
297.5855,5,330,C,1,297,6
280.2396,6,330,C,1,280,2
318.2613,7,330,C,1,318,8
305.3495,8,330,C,1,305,10
354.0487,9,330,B,1,354,8
287.6079,0,331,A,1,287,9
285,1,331,A,1,285,8
301.8206,2,331,C,1,301,9
320.1153,3,331,A,1,320,9
316.2773,4,331,B,1,316,4
293.3187,5,331,B,1,293,1
290.075,6,331,C,1,290,3
334.8177,7,331,B,1,334,8
293.7469,8,331,A,1,293,2
371.5811,9,331,C,1,371,1
234.8606,0,332,A,0,234,9
242.8118,1,332,A,0,242,7
272.9613,2,332,C,1,272,7
309.7688,3,332,B,1,309,4
317.4629,4,332,A,1,317,7
309.9976,5,332,A,1,309,4
454.1619,6,332,B,1,454,9
346.8311,7,332,B,1,346,4
330.3003,8,332,B,1,330,10
253.8644,9,332,B,1,253,9
283.8424,0,333,A,1,283,8
289.555,1,333,C,1,289,7
276.7693,2,333,C,1,276,9
299.8097,3,333,B,1,299,3
297.171,4,333,C,1,297,1
338.1665,5,333,C,1,338,7
332.0265,6,333,C,1,332,3
348.8399,7,333,B,1,348,7
333.36,8,333,C,1,333,10
362.0428,9,333,C,1,362,3
265.4731,0,334,B,1,265,6
276.2012,1,334,B,1,276,7
243.3647,2,334,C,0,243,4
254.6723,3,334,B,1,254,10
279.0244,4,334,C,1,279,1
284.1912,5,334,B,1,284,8
305.5248,6,334,B,1,305,5
331.5229,7,334,A,1,331,3
335.7469,8,334,B,1,335,5
377.299,9,334,C,1,377,5
241.6083,0,335,A,0,241,6
273.9472,1,335,A,1,273,9
254.4907,2,335,C,1,254,1
270.8021,3,335,B,1,270,4
251.4519,4,335,A,1,251,3
254.6362,5,335,A,1,254,5
245.4523,6,335,C,0,245,2
235.311,7,335,C,0,235,1
235.7541,8,335,C,0,235,4
237.2466,9,335,A,0,237,4
312.3666,0,337,B,1,312,10
313.8058,1,337,B,1,313,10
291.6112,2,337,C,1,291,5
346.1222,3,337,C,1,346,6
365.7324,4,337,C,1,365,4
391.8385,5,337,C,1,391,3
404.2601,6,337,B,1,404,3
416.6923,7,337,A,1,416,1
455.8643,8,337,C,1,455,7
458.9167,9,337,B,1,458,5
236.1032,0,349,A,0,236,7
230.3167,1,349,C,0,230,9
238.9256,2,349,C,0,238,9
254.922,3,349,C,1,254,8
250.7103,4,349,B,1,250,1
269.7744,5,349,A,1,269,5
281.5648,6,349,B,1,281,5
308.102,7,349,C,1,308,8
336.2806,8,349,A,1,336,2
351.6451,9,349,B,1,351,6
256.2968,0,350,A,1,256,2
243.4543,1,350,B,0,243,4
256.2046,2,350,B,1,256,10
255.5271,3,350,C,1,255,7
268.9165,4,350,B,1,268,6
329.7247,5,350,B,1,329,8
379.4445,6,350,B,1,379,1
362.9184,7,350,B,1,362,8
394.4872,8,350,B,1,394,5
389.0527,9,350,C,1,389,9
250.5265,0,351,A,1,250,8
300.0576,1,351,A,1,300,10
269.8939,2,351,C,1,269,4
280.5891,3,351,C,1,280,9
271.8274,4,351,C,1,271,9
304.6336,5,351,C,1,304,4
287.7466,6,351,B,1,287,3
266.5955,7,351,A,1,266,7
321.5418,8,351,A,1,321,4
347.5655,9,351,C,1,347,8
221.6771,0,352,B,0,221,8
298.1939,1,352,B,1,298,5
326.8785,2,352,C,1,326,5
346.8555,3,352,A,1,346,8
348.7402,4,352,C,1,348,6
352.8287,5,352,C,1,352,4
354.4266,6,352,A,1,354,3
360.4326,7,352,A,1,360,10
375.6406,8,352,C,1,375,7
388.5417,9,352,C,1,388,5
271.9235,0,369,B,1,271,8
268.4369,1,369,B,1,268,9
257.2424,2,369,C,1,257,10
277.6566,3,369,B,1,277,3
314.8222,4,369,C,1,314,10
317.2135,5,369,C,1,317,8
298.1353,6,369,B,1,298,3
348.1229,7,369,C,1,348,2
340.28,8,369,C,1,340,10
366.5131,9,369,A,1,366,8
225.264,0,370,C,0,225,10
234.5235,1,370,A,0,234,7
238.9008,2,370,B,0,238,7
240.473,3,370,A,0,240,6
267.5373,4,370,C,1,267,1
344.1937,5,370,C,1,344,4
281.1481,6,370,B,1,281,1
347.5855,7,370,B,1,347,5
365.163,8,370,A,1,365,10
372.2288,9,370,B,1,372,10
269.8804,0,371,C,1,269,2
272.4428,1,371,C,1,272,7
277.8989,2,371,C,1,277,8
281.7895,3,371,B,1,281,3
279.1705,4,371,A,1,279,2
284.512,5,371,B,1,284,6
259.2658,6,371,C,1,259,3
304.6306,7,371,B,1,304,9
350.7807,8,371,C,1,350,7
369.4692,9,371,C,1,369,9
269.4117,0,372,A,1,269,6
273.474,1,372,B,1,273,8
297.5968,2,372,B,1,297,9
310.6316,3,372,B,1,310,5
287.1726,4,372,B,1,287,7
329.6076,5,372,B,1,329,9
334.4818,6,372,A,1,334,2
343.2199,7,372,A,1,343,8
369.1417,8,372,C,1,369,9
364.1236,9,372,A,1,364,8
